"URL ANTIGUA","URL NUEVA"
https://ferrate.com/14-cafeteras,https://ferrate.com/pequeno-electrodomestico/cafeteras/
https://ferrate.com/17-planchado-y-ropa,https://ferrate.com/pequeno-electrodomestico/planchado-y-textil/accesorios-para-textil/
https://ferrate.com/17-planchado,https://ferrate.com/pequeno-electrodomestico/planchado-y-textil/accesorios-para-textil/
https://ferrate.com/49-vinotecas,https://ferrate.com/frigorificos/vinotecas/
https://ferrate.com/49-vinotecas-y-vitrinas-frigorificas,https://ferrate.com/frigorificos/vinotecas/
https://ferrate.com/73-aspiradores,https://ferrate.com/pequeno-electrodomestico/limpieza-del-hogar/accesorios-aspiradores/
https://ferrate.com/76-robot-aspirador,https://ferrate.com/pequeno-electrodomestico/limpieza-del-hogar/robot-aspirador/
https://ferrate.com/76-aspiradores-robot,https://ferrate.com/pequeno-electrodomestico/limpieza-del-hogar/accesorios-aspiradores/
https://ferrate.com/77-aspiradores-escoba,https://ferrate.com/pequeno-electrodomestico/limpieza-del-hogar/aspiradores-escoba/
https://ferrate.com/78-cuidado-personal,https://ferrate.com/cuidado-personal/
https://ferrate.com/79-menaje-de-cocina,https://ferrate.com/cocina/menaje/sartenes/
https://ferrate.com/79-cocina,https://ferrate.com/cocina/
https://ferrate.com/111-cafeteras-de-capsulas,https://ferrate.com/pequeno-electrodomestico/cafeteras/cafeteras-de-capsulas/
https://ferrate.com/112-cafeteras-express,https://ferrate.com/pequeno-electrodomestico/cafeteras/cafeteras-express/
https://ferrate.com/113-cafeteras-superautomaticas,https://ferrate.com/pequeno-electrodomestico/cafeteras/cafeteras-de-capsulas/
https://ferrate.com/113-cafeteras-automaticas,https://ferrate.com/pequeno-electrodomestico/cafeteras/cafeteras-automaticas/
https://ferrate.com/153-frigorificos-combis,https://ferrate.com/frigorificos/combis/
https://ferrate.com/158-frigorificos-1-puerta,https://ferrate.com/frigorificos/frigorificos-1-puerta/
https://ferrate.com/175-planchas-vapor,https://ferrate.com/pequeno-electrodomestico/planchado-y-textil/planchas-vapor/
https://ferrate.com/176-centros-planchado,https://ferrate.com/pequeno-electrodomestico/planchado-y-textil/centros-planchado/
https://ferrate.com/183-secadores-de-pelo,https://ferrate.com/cuidado-personal/cuidado-del-cabello/secadores-de-pelo/
https://ferrate.com/184-mantas-electricas,https://ferrate.com/cuidado-personal/esterillas-electricas/
https://ferrate.com/185-salud-y-bienestar,https://ferrate.com/cuidado-personal/higiene-dental-y-salud/cepillos-dentales-e-irrigadores/
https://ferrate.com/187-telefonos-fijos,https://ferrate.com/television-informatica-y-sonido/telefonia/telefonos-fijos/
https://ferrate.com/188-telefonos-moviles,https://ferrate.com/television-informatica-y-sonido/telefonia/telefonos-moviles/
https://ferrate.com/188-telefonos-moviles-libres,https://ferrate.com/television-informatica-y-sonido/telefonia/telefonos-moviles/
https://ferrate.com/192-fregaderos,https://ferrate.com/cocina/fregaderos-y-grifos/
https://ferrate.com/193-grifos,https://ferrate.com/cocina/fregaderos-y-grifos/
https://ferrate.com/193-grifos-de-cocina,https://ferrate.com/cocina/fregaderos-y-grifos/
https://ferrate.com/264-accesorios-frigorificos-y-congeladores,https://ferrate.com/frigorificos/congeladores/congeladores-horizontales/
https://ferrate.com/341-auriculares,https://ferrate.com/television-informatica-y-sonido/sonido/auriculares/
https://ferrate.com/403-aspiradores-de-mano,https://ferrate.com/pequeno-electrodomestico/limpieza-del-hogar/aspiradores-de-mano/
https://ferrate.com/403-aspiradoras-de-mano,https://ferrate.com/pequeno-electrodomestico/limpieza-del-hogar/aspiradores-de-mano/
https://ferrate.com/408-accesorios-fregaderos-y-grifos,https://ferrate.com/cocina/fregaderos-y-grifos/
https://ferrate.com/408-accesorios-grifos-y-fregaderos,https://ferrate.com/cocina/fregaderos-y-grifos/
https://ferrate.com/434-cafeteras-de-goteo,https://ferrate.com/pequeno-electrodomestico/cafeteras/cafeteras-de-goteo/
https://ferrate.com/803-frigorificos,https://ferrate.com/frigorificos/
https://ferrate.com/807-telefonia,https://ferrate.com/television-informatica-y-sonido/telefonia/
https://ferrate.com/807-telefonia-telefonos-moviles,https://ferrate.com/television-informatica-y-sonido/telefonia/telefonos-moviles/
https://ferrate.com/808-climatizacion,https://ferrate.com/climatizacion/
https://ferrate.com/809-informatica-y-gaming,https://ferrate.com/television-informatica-y-sonido/televisores/soportes-tv/
https://ferrate.com/809-informatica,https://ferrate.com/television-informatica-y-sonido/informatica/
https://ferrate.com/810-pequeno-electrodomestico,https://ferrate.com/pequeno-electrodomestico/
https://ferrate.com/817-fregaderos-y-grifos,https://ferrate.com/cocina/fregaderos-y-grifos/
https://ferrate.com/831-ventiladores,https://ferrate.com/climatizacion/ventiladores/
https://ferrate.com/832-ventiladores-de-pie,https://ferrate.com/climatizacion/ventiladores/ventiladores-de-suelo/
https://ferrate.com/832-ventiladores-de-pie-y-suelo,https://ferrate.com/climatizacion/ventiladores/ventiladores-de-suelo/
https://ferrate.com/847-ventiladores-techo,https://ferrate.com/climatizacion/ventiladores/ventiladores-techo/
https://ferrate.com/853-termos-electricos,https://ferrate.com/termos-y-calentadores/termos-electricos/
https://ferrate.com/858-calefaccion,https://ferrate.com/climatizacion/calefaccion/
https://ferrate.com/859-radiadores-de-aceite,https://ferrate.com/pequeno-electrodomestico/preparacion-de-alimentos-y-robots/freidoras-de-aceite/
https://ferrate.com/859-radiadores,https://ferrate.com/climatizacion/calefaccion/radiadores-y-emisores/
https://ferrate.com/860-estufas-de-gas,https://ferrate.com/climatizacion/calefaccion/estufas-de-gas/
https://ferrate.com/860-estufas-gas-butano,https://ferrate.com/climatizacion/calefaccion/estufas-de-gas/
https://ferrate.com/861-emisores-termicos,https://ferrate.com/climatizacion/calefaccion/radiadores-y-emisores/
https://ferrate.com/863-calefactores,https://ferrate.com/climatizacion/calefaccion/calefactores/
https://ferrate.com/886-calentadores-de-gas,https://ferrate.com/termos-y-calentadores/calentadores-y-calderas-de-gas/
https://ferrate.com/886-calentadores-de-gas-y-calderas,https://ferrate.com/termos-y-calentadores/calentadores-y-calderas-de-gas/
https://ferrate.com/895-ventiladores-de-sobremesa,https://ferrate.com/climatizacion/ventiladores/ventiladores-de-suelo/
https://ferrate.com/899-accesorios-climatizacion,https://ferrate.com/pequeno-electrodomestico/limpieza-del-hogar/accesorios-aspiradores/
https://ferrate.com/1128-frigorificos-americanos,https://ferrate.com/frigorificos/frigorificos-americanos/
https://ferrate.com/1128-frigorificos-americanos-y-side-by-side,https://ferrate.com/frigorificos/frigorificos-americanos/
https://ferrate.com/1129-agua-caliente,https://ferrate.com/cocina/menaje/jarras-de-agua/
https://ferrate.com/1129-estufas-de-terraza,https://ferrate.com/climatizacion/calefaccion/estufas-de-gas/
https://ferrate.com/1132-aire-acondicionado,https://ferrate.com/climatizacion/aire-acondicionado/
https://ferrate.com/1134-aire-acondicionado-portatil,https://ferrate.com/climatizacion/aire-acondicionado/aire-acondicionado-portatil/
https://ferrate.com/1135-aire-acondicionado-split,https://ferrate.com/climatizacion/aire-acondicionado/aire-acondicionado-split/
https://ferrate.com/1146-accesorios-lavavajillas,https://ferrate.com/pequeno-electrodomestico/limpieza-del-hogar/accesorios-aspiradores/
https://ferrate.com/1164-limpiadoras,https://ferrate.com/pequeno-electrodomestico/limpieza-del-hogar/limpiadoras-a-vapor/
https://ferrate.com/1197-basculas-de-bano,https://ferrate.com/cuidado-personal/basculas-de-bano/
https://ferrate.com/1198-planchas-de-pelo,https://ferrate.com/cuidado-personal/cuidado-del-cabello/planchas-de-pelo/
https://ferrate.com/1199-cepillos-electricos,https://ferrate.com/cuidado-personal/higiene-dental-y-salud/cepillos-dentales-e-irrigadores/
https://ferrate.com/1201-cafeteras-italianas,https://ferrate.com/pequeno-electrodomestico/cafeteras/cafeteras-italianas/
https://ferrate.com/1205-climatizadores,https://ferrate.com/climatizacion/ventiladores/climatizadores/
https://ferrate.com/1211-accesorios-telefonia,https://ferrate.com/pequeno-electrodomestico/limpieza-del-hogar/accesorios-aspiradores/
https://ferrate.com/1223-ventiladores-de-torre,https://ferrate.com/climatizacion/ventiladores/ventiladores-de-suelo/
https://ferrate.com/1225-estufas-de-cuarzo-y-halogenas,https://ferrate.com/climatizacion/calefaccion/estufas-de-gas/
https://ferrate.com/1236-altavoces,https://ferrate.com/television-informatica-y-sonido/sonido/altavoces/
https://ferrate.com/1238-barras-de-sonido,https://ferrate.com/television-informatica-y-sonido/televisores/soportes-tv/
https://ferrate.com/1254-purificadores-de-aire,https://ferrate.com/pequeno-electrodomestico/preparacion-de-alimentos-y-robots/freidoras-de-aire-air-fry/
https://ferrate.com/1269-secadoras-evacuacion,https://ferrate.com/lavado-y-secado/secadoras/
https://ferrate.com/1271-secadoras-condensacion,https://ferrate.com/lavado-y-secado/secadoras/
https://ferrate.com/1273-secadoras-bomba-calor,https://ferrate.com/lavado-y-secado/secadoras/
https://ferrate.com/1274-lavado-y-secado,https://ferrate.com/lavado-y-secado/
https://ferrate.com/1281-cocina,https://ferrate.com/cocina/
https://ferrate.com/1282-congeladores,https://ferrate.com/frigorificos/congeladores/
https://ferrate.com/1283-microondas,https://ferrate.com/cocina/microondas/
https://ferrate.com/1284-placas,https://ferrate.com/cocina/placas-y-encimeras/placas-de-gas/
https://ferrate.com/1298-cocinas,https://ferrate.com/cocina/cocinas/
https://ferrate.com/1298-cocinas-gas-electricas,https://ferrate.com/cocina/placas-y-encimeras/placas-de-gas/
https://ferrate.com/1307-hornos,https://ferrate.com/cocina/hornos/
https://ferrate.com/1308-lavavajillas-integrables,https://ferrate.com/lavado-y-secado/lavadoras/lavadoras-integrables/
https://ferrate.com/1310-lavavajillas-libre-instalacion,https://ferrate.com/lavavajillas/lavavajillas-libre-instalacion/
https://ferrate.com/1311-lavavajillas,https://ferrate.com/lavavajillas/
https://ferrate.com/1312-lavavajillas-45cm-libre-instalacion,https://ferrate.com/lavavajillas/lavavajillas-45cm-libre-instalacion/
https://ferrate.com/1315-lavavajillas-45cm-integrables,https://ferrate.com/lavavajillas/lavavajillas-45cm-libre-instalacion/
https://ferrate.com/1316-imagen-y-sonido,https://ferrate.com/television-informatica-y-sonido/televisores/soportes-tv/
https://ferrate.com/1316-television,https://ferrate.com/television-informatica-y-sonido/televisores/soportes-tv/
https://ferrate.com/1335-decodificadores-tdt-satelite-y-smart-tv,https://ferrate.com/television-informatica-y-sonido/televisores/soportes-tv/
https://ferrate.com/1349-cuidado-personal,https://ferrate.com/cuidado-personal/
https://ferrate.com/1356-televisores,https://ferrate.com/television-informatica-y-sonido/televisores/
https://ferrate.com/1360-cortapelos,https://ferrate.com/cuidado-personal/cuidado-del-cabello/cortapelos/
https://ferrate.com/1361-planchas-de-pelo,https://ferrate.com/cuidado-personal/cuidado-del-cabello/planchas-de-pelo/
https://ferrate.com/1365-telefonos-inalambircos,https://ferrate.com/television-informatica-y-sonido/telefonia/telefonos-moviles/
https://ferrate.com/1368-rizadores-y-moldeadores-de-pelo,https://ferrate.com/cuidado-personal/cuidado-del-cabello/rizadores-y-moldeadores-de-pelo/
https://ferrate.com/1369-secadores-de-pelo,https://ferrate.com/cuidado-personal/cuidado-del-cabello/secadores-de-pelo/
https://ferrate.com/1375-cepillos-electricos,https://ferrate.com/cuidado-personal/higiene-dental-y-salud/cepillos-dentales-e-irrigadores/
https://ferrate.com/1389-soportes-tv,https://ferrate.com/television-informatica-y-sonido/televisores/soportes-tv/
https://ferrate.com/1389-soportes,https://ferrate.com/television-informatica-y-sonido/televisores/soportes-tv/
https://ferrate.com/1392-campanas,https://ferrate.com/cocina/campanas/
https://ferrate.com/1393-secadoras,https://ferrate.com/lavado-y-secado/secadoras/
https://ferrate.com/1410-lavadoras,https://ferrate.com/lavado-y-secado/lavadoras/
https://ferrate.com/1420-calefactores-ceramicos,https://ferrate.com/climatizacion/calefaccion/calefactores/
https://ferrate.com/1428-aire-acondicionado-bomba-calor,https://ferrate.com/climatizacion/aire-acondicionado/aire-acondicionado-portatil/
https://ferrate.com/1444-molinillos-de-cafe,https://ferrate.com/pequeno-electrodomestico/cafeteras/molinillos-de-cafe/
https://ferrate.com/1452-lavadoras-secadoras,https://ferrate.com/lavado-y-secado/lavadoras-secadoras/
https://ferrate.com/1456-lavadoras-carga-superior,https://ferrate.com/lavado-y-secado/lavadoras/lavadoras-carga-superior/
https://ferrate.com/1458-lavadoras-integrables,https://ferrate.com/lavado-y-secado/lavadoras/lavadoras-integrables/
https://ferrate.com/1463-accesorios-lavado-y-secado,https://ferrate.com/lavado-y-secado/lavadoras/lavadoras-carga-frontal/
https://ferrate.com/1466-lavadoras-carga-frontal,https://ferrate.com/lavado-y-secado/lavadoras/lavadoras-carga-frontal/
https://ferrate.com/1515-clase-e,https://ferrate.com/cuidado-personal/higiene-dental-y-salud/cepillos-dentales-e-irrigadores/
https://ferrate.com/1524-sartenes,https://ferrate.com/cocina/menaje/sartenes/
https://ferrate.com/1525-ollas-y-cacerolas,https://ferrate.com/cocina/menaje/ollas-y-cacerolas/
https://ferrate.com/1527-congeladores-verticales,https://ferrate.com/frigorificos/congeladores/congeladores-verticales/
https://ferrate.com/1528-campanas-convencionales,https://ferrate.com/cocina/campanas/campanas-convencionales-y-extraibles/
https://ferrate.com/1529-campanas-decorativas,https://ferrate.com/cocina/campanas/campanas-decorativas/
https://ferrate.com/1530-grupos-filtrantes,https://ferrate.com/cocina/campanas/campanas-integradas-y-grupos-filtrantes/
https://ferrate.com/1531-campanas-telescopicas,https://ferrate.com/cocina/campanas/campanas-convencionales-y-extraibles/
https://ferrate.com/1532-cocinas-electricas,https://ferrate.com/cocina/cocinas/
https://ferrate.com/1533-cocinas-gas,https://ferrate.com/cocina/placas-y-encimeras/placas-de-gas/
https://ferrate.com/1534-hornos-a-gas,https://ferrate.com/cocina/placas-y-encimeras/placas-de-gas/
https://ferrate.com/1535-hornos-convencionales,https://ferrate.com/cocina/campanas/campanas-convencionales-y-extraibles/
https://ferrate.com/1536-hornos-multifuncion,https://ferrate.com/cocina/hornos/
https://ferrate.com/1537-hornos-polivalentes,https://ferrate.com/cocina/hornos/
https://ferrate.com/1538-hornos-sobremesa,https://ferrate.com/cocina/hornos/
https://ferrate.com/1539-accesorios-para-hornos,https://ferrate.com/pequeno-electrodomestico/limpieza-del-hogar/accesorios-aspiradores/
https://ferrate.com/1540-microondas-con-grill,https://ferrate.com/cocina/microondas/
https://ferrate.com/1541-microondas-integrable,https://ferrate.com/cocina/microondas/
https://ferrate.com/1542-microondas-libre-instalacion,https://ferrate.com/lavavajillas/lavavajillas-45cm-libre-instalacion/
https://ferrate.com/1543-placas-de-gas,https://ferrate.com/cocina/placas-y-encimeras/placas-de-gas/
https://ferrate.com/1544-placas-de-induccion,https://ferrate.com/cocina/placas-y-encimeras/induccion/
https://ferrate.com/1545-vitroceramica,https://ferrate.com/cocina/placas-y-encimeras/vitroceramica/
https://ferrate.com/1546-placas-domino,https://ferrate.com/cocina/placas-y-encimeras/placas-de-gas/
https://ferrate.com/1547-placas-mixtas,https://ferrate.com/cocina/placas-y-encimeras/placas-mixtas/
https://ferrate.com/1548-frigorificos-2-puertas,https://ferrate.com/frigorificos/frigorificos-2-puertas/
https://ferrate.com/1550-frigorificos-70cm,https://ferrate.com/frigorificos/congeladores/congeladores-horizontales/
https://ferrate.com/1552-accesorios-tv,https://ferrate.com/television-informatica-y-sonido/accesorios-tv-informatica-y-sonido/
https://ferrate.com/1553-almacenamiento,https://ferrate.com/television-informatica-y-sonido/informatica/almacenamiento/
https://ferrate.com/1555-menaje-de-cocina,https://ferrate.com/cocina/menaje/sartenes/
https://ferrate.com/1556-aspiradores-con-bolsa,https://ferrate.com/pequeno-electrodomestico/limpieza-del-hogar/accesorios-aspiradores/
https://ferrate.com/1557-aspiradores-sin-bolsa,https://ferrate.com/pequeno-electrodomestico/limpieza-del-hogar/accesorios-aspiradores/
https://ferrate.com/1558-accesorios-aspiradores,https://ferrate.com/pequeno-electrodomestico/limpieza-del-hogar/accesorios-aspiradores/
https://ferrate.com/1559-preparacion-de-alimentos,https://ferrate.com/pequeno-electrodomestico/preparacion-de-alimentos-y-robots/cortafiambres/
https://ferrate.com/1560-basculas-de-cocina,https://ferrate.com/pequeno-electrodomestico/preparacion-de-alimentos-y-robots/basculas-de-cocina/
https://ferrate.com/1561-batidoras-de-mano,https://ferrate.com/pequeno-electrodomestico/preparacion-de-alimentos-y-robots/batidoras/
https://ferrate.com/1562-amasadoras,https://ferrate.com/pequeno-electrodomestico/preparacion-de-alimentos-y-robots/amasadoras/
https://ferrate.com/1563-cortafiambres,https://ferrate.com/pequeno-electrodomestico/preparacion-de-alimentos-y-robots/cortafiambres/
https://ferrate.com/1564-envasadoras-al-vacio,https://ferrate.com/pequeno-electrodomestico/preparacion-de-alimentos-y-robots/envasadoras-al-vacio/
https://ferrate.com/1566-exprimidores,https://ferrate.com/pequeno-electrodomestico/preparacion-de-alimentos-y-robots/exprimidores/
https://ferrate.com/1567-freidoras-de-aceite,https://ferrate.com/pequeno-electrodomestico/preparacion-de-alimentos-y-robots/freidoras-de-aceite/
https://ferrate.com/1568-freidoras-de-aire,https://ferrate.com/pequeno-electrodomestico/preparacion-de-alimentos-y-robots/freidoras-de-aire-air-fry/
https://ferrate.com/1570-grills,https://ferrate.com/pequeno-electrodomestico/preparacion-de-alimentos-y-robots/grills-y-sandwicheras/
https://ferrate.com/1571-hervidores,https://ferrate.com/pequeno-electrodomestico/preparacion-de-alimentos-y-robots/hervidores/
https://ferrate.com/1572-licuadoras,https://ferrate.com/pequeno-electrodomestico/preparacion-de-alimentos-y-robots/licuadoras/
https://ferrate.com/1575-picadoras,https://ferrate.com/pequeno-electrodomestico/preparacion-de-alimentos-y-robots/picadoras/
https://ferrate.com/1576-planchas-asar,https://ferrate.com/pequeno-electrodomestico/preparacion-de-alimentos-y-robots/planchas-asar/
https://ferrate.com/1577-robots-de-cocina,https://ferrate.com/pequeno-electrodomestico/preparacion-de-alimentos-y-robots/robots-de-cocina/
https://ferrate.com/1578-sandwicheras,https://ferrate.com/pequeno-electrodomestico/preparacion-de-alimentos-y-robots/grills-y-sandwicheras/
https://ferrate.com/1579-tostadores,https://ferrate.com/pequeno-electrodomestico/preparacion-de-alimentos-y-robots/tostadores/
https://ferrate.com/1580-batidoras-de-vaso,https://ferrate.com/pequeno-electrodomestico/preparacion-de-alimentos-y-robots/batidoras/
https://ferrate.com/1581-radios,https://ferrate.com/television-informatica-y-sonido/sonido/radios/
https://ferrate.com/1582-reproductores,https://ferrate.com/television-informatica-y-sonido/tdt-y-reproductores/
https://ferrate.com/1584-sartenes,https://ferrate.com/cocina/menaje/sartenes/
https://ferrate.com/1591-1-ano-de-ariel-podsr-gratis,https://ferrate.com/frigorificos/frigorificos-1-puerta/
https://ferrate.com/1592-bandera-1,https://ferrate.com/frigorificos/frigorificos-1-puerta/
https://ferrate.com/1593-bandera-1,https://ferrate.com/frigorificos/frigorificos-1-puerta/
https://ferrate.com/1594-bandera-2,https://ferrate.com/frigorificos/frigorificos-2-puertas/
